trainsize, units, mse, avg_error
16,2,0.3159369385974323,0.4212706107646227
16,4,0.27133464453963807,0.35649518528953195
16,8,0.23120041522078122,0.37144449120387435
32,2,0.2466350818752723,0.42192698270082474
32,4,0.24924058867044643,0.40713816601783037
32,8,0.2925564239026144,0.4340413538739085
64,2,0.22454548900163848,0.4148009056225419
64,4,0.19872664454570105,0.38019359903410077
64,8,0.2277233523016194,0.44334882590919733
16,2,0.23682712844849357,0.44569768151268363
16,4,0.34598754034574314,0.5083293705247343
16,8,0.2926378177157032,0.426883062813431
32,2,0.22336462584122038,0.42379359947517514
32,4,0.23384572427224276,0.41566551802679896
32,8,0.1956309892486809,0.3639897503890097
64,2,0.23744980217248707,0.4397866246290505
64,4,0.21587354809086898,0.3954517524689436
64,8,0.13991756447856096,0.3018593224696815
16,2,0.24757702581577407,0.45999947749078274
16,4,0.24142716047062818,0.36563941976055503
16,8,0.46599673536195163,0.5331513499841094
32,2,0.22084299247152353,0.4417709866538644
32,4,0.18313856916842747,0.35701935878023505
32,8,0.25787865261454573,0.38380043068900704
64,2,0.226124276391113,0.42610573023557663
64,4,0.18496960799617806,0.38353758258745074
64,8,0.26025332938751367,0.38922021677717566
16,2,0.30466679476526093,0.4357921411283314
16,4,0.3396711150753333,0.4035988883115351
16,8,0.4040586348349332,0.49824600340798497
32,2,0.22129861774708187,0.38308942411094904
32,4,0.2403024477191153,0.3896214119158685
32,8,0.2494752777692122,0.4566763839684427
64,2,0.2073748623609739,0.4141560737043619
64,4,0.20163395752131924,0.39366271859034896
64,8,0.19274318527518688,0.3238760083913803
16,2,0.3440120177805912,0.4783578054048121
16,4,0.27389812744386743,0.46547009376809
16,8,0.294402830582058,0.4260514792986214
32,2,0.226336279760169,0.46302698738873005
32,4,0.2364540829920066,0.4214698299765587
32,8,0.21895945566455033,0.35713521344587207
64,2,0.22065354719777736,0.39994408609345555
64,4,0.20005462615148353,0.3514595218002796
64,8,0.2331282336323258,0.3691658340394497
16,2,0.2836033152244314,0.4199988800100982
16,4,0.24099233788957353,0.28471532464027405
16,8,0.32014179448421176,0.3876475743018091
32,2,0.23224089445113633,0.42146171955391765
32,4,0.18549677407434428,0.32207529386505485
32,8,0.27820289316114444,0.43743712874129415
64,2,0.18874836858233307,0.39191208919510245
64,4,0.20998841237321814,0.4139501820318401
64,8,0.20276592552832354,0.3998826239258051
16,2,0.30315682257052395,0.5039008315652609
16,4,0.36277569695419565,0.4381222166121006
16,8,0.393836345123816,0.484282411634922
32,2,0.261642299448991,0.422698687762022
32,4,0.19412191225320352,0.3733882154338062
32,8,0.2792256414266134,0.36939107812941074
64,2,0.22320751129366562,0.4381511379033327
64,4,0.19086643315297816,0.3443498183041811
64,8,0.2396745021282578,0.3977068169042468
16,2,0.30057977294811145,0.4858114803209901
16,4,0.29636298981315784,0.3425566256046295
16,8,0.3178429063491104,0.35717479046434164
32,2,0.23659217180918235,0.44627662608399987
32,4,0.21219361417653826,0.36350603913888335
32,8,0.29811042736964066,0.393984351772815
64,2,0.21712505016418926,0.4447242715395987
64,4,0.24685234514256793,0.4320100783370435
64,8,0.2094364749458264,0.33893084479495883
16,2,0.3852529046766001,0.5307617704384029
16,4,0.3312487376655251,0.40118264174088836
16,8,0.19882403304686028,0.33840705268085003
32,2,0.19113545708047008,0.35402390407398343
32,4,0.3562607280844445,0.44832061836495996
32,8,0.16875721976094007,0.3548323791474104
64,2,0.22005691644889974,0.4372806674800813
64,4,0.239832108147321,0.4395463247783482
64,8,0.18835254940089852,0.37212586123496294
16,2,0.26526381301997615,0.45537523785606027
16,4,0.2355585067950327,0.37517657736316323
16,8,0.2997543855748958,0.3965381355956197
32,2,0.22642017585251795,0.44108024006709456
32,4,0.2127053284659467,0.3535288190469146
32,8,0.24456521807819465,0.4344328376464546
64,2,0.2205951027670132,0.42368376161903143
64,4,0.2247973144084415,0.3349164044484496
64,8,0.1836513473201027,0.35019746655598283
16,2,0.19544759989611968,0.405164010822773
16,4,0.2253132715535861,0.3471016865223646
16,8,0.31721195944926117,0.4149785744957626
32,2,0.2377028390936621,0.4526555808261037
32,4,0.19942203659502375,0.3785745184868574
32,8,0.21482181074755533,0.3377417214214802
64,2,0.22117787041197928,0.4192755362018943
64,4,0.16389985920493488,0.32311861449852586
64,8,0.24891326645432527,0.3675883011892438
16,2,0.42964416906280933,0.5518773966468871
16,4,0.25693924284055303,0.36501003708690405
16,8,0.3181652197599449,0.4127006307244301
32,2,0.2840059888392178,0.48028343822807074
32,4,0.19463765489314672,0.28142419550567865
32,8,0.27846150135725234,0.38645442202687263
64,2,0.24397768334251432,0.492782567627728
64,4,0.18233355939364929,0.35248060896992683
64,8,0.13370155886857127,0.2564641567878425
16,2,0.22908791620905733,0.3249524678103626
16,4,0.2627808382803882,0.4227347429841757
16,8,0.299924874172517,0.38235922902822495
32,2,0.19713953679974672,0.36094498122110963
32,4,0.227743137865736,0.36245589330792427
32,8,0.17297572536692538,0.3003642549738288
64,2,0.21673226744921914,0.42688286444172263
64,4,0.24273762698837237,0.36154632130637765
64,8,0.22234774287739817,0.39252325566485524
16,2,0.24572333191806928,0.4078886299394071
16,4,0.301746159794436,0.4407035172916949
16,8,0.29460576381447057,0.4254839872010052
32,2,0.242910609003395,0.44019927410408854
32,4,0.25467844044151,0.38631282467395067
32,8,0.21349618559991151,0.4320464599877596
64,2,0.22680056288056596,0.43937194533646107
64,4,0.21670168737572626,0.41110280342400074
64,8,0.18055022766922918,0.36845910595729947
16,2,0.2823547387452339,0.36412059096619487
16,4,0.29657477422422013,0.46148408064618707
16,8,0.2844676413789874,0.42817678954452276
32,2,0.30552165834419964,0.474282072391361
32,4,0.29451403402312243,0.37602424900978804
32,8,0.29709825965640746,0.43701520236209035
64,2,0.24640995094244933,0.4949097870849073
64,4,0.22370841984784973,0.38448617374524474
64,8,0.23266449345745388,0.4167572082951665
16,2,0.2833819252510074,0.45007890462875366
16,4,0.2383487231951831,0.3022417821921408
16,8,0.25568585579329517,0.3360835355706513
32,2,0.24153250988443098,0.4386053690686822
32,4,0.22713840708954214,0.3420668444596231
32,8,0.191587833243125,0.3363794572651386
64,2,0.257033123441079,0.4853794318623841
64,4,0.2009953655013092,0.39113255543634295
64,8,0.22673192082379268,0.3663769634440541
16,2,0.2642163709414972,0.4649493000470102
16,4,0.25489772941086547,0.4356369702145457
16,8,0.3239644989261762,0.3852370334789157
32,2,0.18950246639996,0.38900059973821044
32,4,0.1801703967906399,0.3517277077771723
32,8,0.2150584094202599,0.36585706286132336
64,2,0.24948413183531246,0.47040497325360775
64,4,0.16747636989739115,0.3314857743680477
64,8,0.23004846686485447,0.4087827857583761
16,2,0.2665401602937158,0.43209367617964745
16,4,0.2635212458072883,0.37175652338191867
16,8,0.34946471578489735,0.3954952899366617
32,2,0.22456824087208105,0.45743642607703805
32,4,0.30076620993105374,0.41538451006636024
32,8,0.25722952098797414,0.3492945465259254
64,2,0.24921306810290997,0.3985909470357001
64,4,0.17976734055877386,0.3621015795506537
64,8,0.2367226979617224,0.40120180509984493
16,2,0.26074237813472007,0.4422375401481986
16,4,0.30844857346802884,0.378427229821682
16,8,0.3173434576175648,0.42955018626526
32,2,0.2775322347997833,0.4125331658869982
32,4,0.2071368777679038,0.28521885350346565
32,8,0.2119232155447065,0.3609280278906226
64,2,0.20761990599160196,0.40816147392615676
64,4,0.18558870871618505,0.35579258808866143
64,8,0.2241388110696041,0.34631433011963964
16,2,0.24109664053472477,0.43019782891497016
16,4,0.27815652037207206,0.3811102593317628
16,8,0.23672351596327038,0.3902967134490609
32,2,0.26852025635249027,0.49035389022901654
32,4,0.21625727578556378,0.3579013189300895
32,8,0.19827146384496094,0.3258230248466134
64,2,0.265295873617133,0.4873828482814133
64,4,0.2351823791892956,0.4109592782333493
64,8,0.20397520939625657,0.3581247408874333
16,2,0.3021227868435727,0.4450667300261557
16,4,0.23185661398052393,0.3219319903291762
16,8,0.2393981974637247,0.36232635797932744
32,2,0.21555234804828138,0.4059403701685369
32,4,0.19214291347521523,0.35306775802746415
32,8,0.19494330967505813,0.3906196574680507
64,2,0.21221135165520338,0.44238420156762004
64,4,0.20702453307365057,0.38580899126827717
64,8,0.12492831321526737,0.2380415704101324
16,2,0.2610284805239149,0.41345579363405704
16,4,0.2695472934647664,0.41977148223668337
16,8,0.31168971305011145,0.39752975944429636
32,2,0.31278283851147126,0.4377811476588249
32,4,0.2371200901197685,0.3902913727797568
32,8,0.21833458743057682,0.36750988801941276
64,2,0.20558990099095797,0.41281462321057916
64,4,0.16989516547667427,0.30881567718461156
64,8,0.22870947679484077,0.3977296254597604
16,2,0.23215144634414364,0.4270184556953609
16,4,0.356059383187241,0.4356145369820297
16,8,0.34645816793189094,0.4269120590761304
32,2,0.1896890927950137,0.3914149710908532
32,4,0.18202752782763892,0.3285978646017611
32,8,0.24642521810147663,0.37541810190305114
64,2,0.20620945438282567,0.42301842616871
64,4,0.21315135571404858,0.4275021296925843
64,8,0.22173586198286732,0.35118965385481715
16,2,0.26873512872210736,0.4694103393703699
16,4,0.2876240258494641,0.368579831905663
16,8,0.27698540459456444,0.36746132420375943
32,2,0.24537216767460723,0.47430064668878913
32,4,0.17322404741610403,0.2848103763535619
32,8,0.2923910667126003,0.3384943422861397
64,2,0.21967824045462864,0.4289842378348112
64,4,0.20295982713502528,0.33463174337521195
64,8,0.24016324136527867,0.37476438051089644
16,2,0.26605431248925515,0.48491355124861
16,4,0.27545311731430855,0.4273371137678623
16,8,0.2300236550359338,0.36739201890304685
32,2,0.2517392511573456,0.4485048200003803
32,4,0.19986065830968025,0.2983095245435834
32,8,0.22124754458035903,0.35317316837608814
64,2,0.2598144574406717,0.4285534298978746
64,4,0.18451011550210322,0.3490432472899556
64,8,0.20400428429036588,0.40794794308021665
16,2,0.2288229377344834,0.3957309671677649
16,4,0.21238509431674227,0.35421599354594946
16,8,0.2380399193854935,0.3459701156243682
32,2,0.21519142668428004,0.4447257714346051
32,4,0.17389474212460942,0.3468441851437092
32,8,0.26038423283860257,0.37150566978380084
64,2,0.22396264803355284,0.4428520631045103
64,4,0.16872227744858842,0.32397451950237155
64,8,0.2126154311800053,0.337272793520242
16,2,0.23620671509005703,0.4301959131844342
16,4,0.2972810010670127,0.4162847502157092
16,8,0.22389814915907288,0.2874324843287468
32,2,0.24566802898396428,0.4753043930977583
32,4,0.18048439796467242,0.31495094997808337
32,8,0.23724778746729064,0.37398709543049335
64,2,0.19385595931385133,0.3896951088681817
64,4,0.21229809871684732,0.38218663912266493
64,8,0.21661974775528903,0.3830001172609627
16,2,0.2349778502024601,0.44332679687067866
16,4,0.36377910266123153,0.42660408886149526
16,8,0.28127357893073757,0.34498999640345573
32,2,0.233540731673945,0.385550239123404
32,4,0.20293921589451455,0.33749360870569944
32,8,0.1634092929214255,0.31539441365748644
64,2,0.2510202849923795,0.44391729729250073
64,4,0.15222241019462734,0.3512005219236016
64,8,0.15700994443318772,0.27081742556765676
16,2,0.27460232279223906,0.44430473959073424
16,4,0.19997439778346304,0.298058423679322
16,8,0.26797681682185914,0.4861921570263803
32,2,0.2616462968352884,0.4860077938064933
32,4,0.26751743166497116,0.40070842346176505
32,8,0.2960950251122525,0.40817809058353305
64,2,0.2478998390677308,0.474305575247854
64,4,0.21157758621780037,0.4509223443455994
64,8,0.18788286973112817,0.3843763009645045
16,2,0.2445272616684902,0.35913614742457867
16,4,0.1989192793650159,0.29159418772906065
16,8,0.2648262941752114,0.3632935625500977
32,2,0.1978821168916524,0.38705887366086245
32,4,0.199506795568703,0.38971975166350603
32,8,0.25638310272964104,0.36447474360466003
64,2,0.22706288776103112,0.44652250269427896
64,4,0.3076689705857676,0.4525330322794616
64,8,0.136793676327929,0.29828861309215426
16,2,0.2509749713213767,0.418673946056515
16,4,0.2826274012315928,0.41217335825785995
16,8,0.28364721945957194,0.4167878362350166
32,2,0.22003928833280412,0.4355334434658289
32,4,0.18373217306173736,0.3359314678236842
32,8,0.22001913240131798,0.39886265667155385
64,2,0.24373181531847324,0.4400543561205268
64,4,0.2104915238838822,0.394103582482785
64,8,0.2261363630811165,0.35602636355906725
16,2,0.29753230750379167,0.46746907802298665
16,4,0.22401604888510396,0.3311368450522423
16,8,0.32308654514642765,0.36381581565365195
32,2,0.2206251008939439,0.43597323074936867
32,4,0.2570909329189714,0.3193126805126667
32,8,0.2302769511834168,0.34569462295621634
64,2,0.2889162792162263,0.48709654714912176
64,4,0.2165007910692942,0.35345225129276514
64,8,0.18892263108231616,0.2999564250931144
16,2,0.25832918967648044,0.4430357892997563
16,4,0.3761502324733647,0.47839696565642953
16,8,0.23975260429159517,0.4352304181084037
32,2,0.2597147793128509,0.42993152141571045
32,4,0.25740032520564365,0.36034020967781544
32,8,0.27263390818352834,0.36822233349084854
64,2,0.23693470047755605,0.47846130887046456
64,4,0.1640387616824891,0.3316691075451672
64,8,0.23729785659420197,0.40550082363188267
16,2,0.3066209801547021,0.43518921080976725
16,4,0.2807418657649729,0.4359455988742411
16,8,0.24843395176857214,0.33605983620509505
32,2,0.24237220535497173,0.4040098008699715
32,4,0.22992752105594894,0.4338082754984498
32,8,0.4131290193415458,0.5158241987228394
64,2,0.25168802349822333,0.48098108265548944
64,4,0.24718917346959804,0.40095803793519735
64,8,0.19343273123678487,0.3119858829304576
16,2,0.23831346300560077,0.3720498224720359
16,4,0.2515918060188277,0.3431720403023064
16,8,0.29821752487827724,0.4059724067337811
32,2,0.24653153223081714,0.43178202630952
32,4,0.23727873960059875,0.38985692569985986
32,8,0.21636786337200847,0.3881942122243345
64,2,0.21316227749066696,0.42100810864940286
64,4,0.22409718313366705,0.4185412204824388
64,8,0.17461343307570398,0.35077597154304385
16,2,0.288324798936806,0.4509728350676596
16,4,0.2961329694062006,0.39975607162341475
16,8,0.3383747222706508,0.38312571588903666
32,2,0.22677063289864108,0.41063261637464166
32,4,0.26707330188363,0.3930184650234878
32,8,0.20812783321996464,0.3361758007667959
64,2,0.25100869431749206,0.4400977580808103
64,4,0.183896913923988,0.38536421256139874
64,8,0.2115899751281919,0.3864049226976931
16,2,0.23816669343003394,0.3837052104063332
16,4,0.28510450375801094,0.42608062364161015
16,8,0.2750303094707681,0.40991991804912686
32,2,0.231456071830597,0.4538311818614602
32,4,0.19954172904230855,0.30977874156087637
32,8,0.21026671563061997,0.3153011007234454
64,2,0.2429160999650603,0.4903174852952361
64,4,0.14996383895988313,0.3211725801229477
64,8,0.1754359537530859,0.34498350275680423
16,2,0.22047363569803335,0.42029125103726983
16,4,0.2441077796893263,0.37642495101317763
16,8,0.2771275348102788,0.40657580737024546
32,2,0.2018599655840469,0.3925891318358481
32,4,0.24869886914895453,0.38424968207255006
32,8,0.20756970452092235,0.38402676302939653
64,2,0.23804982469521258,0.43604615656659007
64,4,0.2710082447110511,0.42561520682647824
64,8,0.26652997449747545,0.4357801848091185
16,2,0.26407265064577345,0.48024433478713036
16,4,0.36307200731625805,0.45485929446294904
16,8,0.29469225271833654,0.3920987816527486
32,2,0.3520647824395282,0.4687225455418229
32,4,0.2743889502587274,0.45212587155401707
32,8,0.23194715097142,0.3106948030181229
64,2,0.21331988582352154,0.43200535885989666
64,4,0.21405125265499542,0.3736048745922744
64,8,0.18350651691798908,0.354602562263608
16,2,0.23343317938764258,0.4124931348487735
16,4,0.26354802829903184,0.4076684773899615
16,8,0.25819165462148974,0.3856281926855445
32,2,0.26452144203018063,0.43072117352858186
32,4,0.2477366861111213,0.3760712528601289
32,8,0.20709502973922272,0.4025876629166305
64,2,0.20832873422990875,0.38602841179817915
64,4,0.2552717767930163,0.4175654840655625
64,8,0.2394386553515627,0.36853580456227064
16,2,0.272266305227848,0.48571736132726073
16,4,0.26402803073164594,0.38366637006402016
16,8,0.3201575722057144,0.404872486833483
32,2,0.20347976058768105,0.4171979259699583
32,4,0.23436547384282874,0.35585382394492626
32,8,0.27146703457320737,0.3682793052867055
64,2,0.1963940672582784,0.41351744206622243
64,4,0.2559254026938083,0.4391658096574247
64,8,0.19033507087903895,0.3614869727753103
16,2,0.24592117643532568,0.42279492504894733
16,4,0.2733309946172761,0.38780145440250635
16,8,0.2810629748993798,0.3581137666478753
32,2,0.21176779861477335,0.4010445917956531
32,4,0.27619756709054777,0.40779136773198843
32,8,0.21116459705845475,0.4120712601579726
64,2,0.24378242390585758,0.40617791656404734
64,4,0.1801310677639369,0.3382606669329107
64,8,0.22397420526670112,0.387638027779758
16,2,0.26104685471821815,0.47101779002696276
16,4,0.2571029417138909,0.3609959459863603
16,8,0.20233844465423312,0.31803305307403207
32,2,0.28516457245322263,0.48711226182058454
32,4,0.1765600172625535,0.25161874992772937
32,8,0.237791089817167,0.3556933952495456
64,2,0.2469953479014173,0.43932156823575497
64,4,0.19594953465205361,0.385124605614692
64,8,0.20611981744991542,0.3993883179500699
16,2,0.2290472404078382,0.35680461023002863
16,4,0.25491779176792406,0.3798983138985932
16,8,0.2884492392113066,0.3869219562038779
32,2,0.24576833238743034,0.4588945438154042
32,4,0.2387290380089958,0.4073592950589955
32,8,0.2267242448061601,0.34864525869488716
64,2,0.19983397251065543,0.40820167725905776
64,4,0.24266797981380622,0.3878281060606241
64,8,0.1934445048969678,0.40196351148188114
16,2,0.28863437615025217,0.4147186982445419
16,4,0.31133692670634,0.43754788022488356
16,8,0.24204649211496562,0.31631901813670993
32,2,0.23443459914582515,0.454971335362643
32,4,0.2126850926025938,0.4016545005142689
32,8,0.260368491481484,0.4183476301841438
64,2,0.23498387935413756,0.44396935030817986
64,4,0.19035681482651767,0.3725004941225052
64,8,0.20683462462860497,0.3770310771651566
16,2,0.26338023985430237,0.4411894422955811
16,4,0.28584073441095526,0.36272767605260015
16,8,0.20922026799296584,0.30093603720888495
32,2,0.2859265923461432,0.4568538353778422
32,4,0.24404194287075387,0.42963044298812747
32,8,0.29723924860529033,0.45409602858126163
64,2,0.2471346992567507,0.459020693320781
64,4,0.1851826003766049,0.35708777140825987
64,8,0.18664899162043685,0.33243047911673784
16,2,0.216722236224056,0.4113335437141359
16,4,0.2695332906858665,0.4474507262930274
16,8,0.23767463968456332,0.32501513324677944
32,2,0.19309162088673026,0.3789891256019473
32,4,0.3328664534487319,0.433867116458714
32,8,0.17612227825702265,0.3270380864851177
64,2,0.20077553799645975,0.40934279235079885
64,4,0.1753230663721704,0.33587527088820934
64,8,0.192279118472231,0.38456010445952415
16,2,0.2786125467866308,0.40108652831986547
16,4,0.2834351756254249,0.4160781651735306
16,8,0.2602068313099013,0.3193773371167481
32,2,0.22262951208140347,0.43153257155790925
32,4,0.21647298342250482,0.3373847804032266
32,8,0.2369413997007196,0.45065321354195476
64,2,0.20846990643883312,0.4070751187391579
64,4,0.2110641740512189,0.3754129600711167
64,8,0.20527911115860514,0.3788545820862055
16,2,0.2666558765028675,0.3922787457704544
16,4,0.32523818552918593,0.436634854413569
16,8,0.32468619671743804,0.4551015538163483
32,2,0.20023641279139448,0.4021694348193705
32,4,0.28920900151719836,0.4010324841365218
32,8,0.22466555969223623,0.32041998812928796
64,2,0.2312135263290993,0.4443639712408185
64,4,0.21558667387660327,0.4115752698853612
64,8,0.24131474962286553,0.4058605837635696
16,2,0.2857926031782754,0.4730833750218153
16,4,0.26007002619953284,0.4073594813235104
16,8,0.3297261147013943,0.4055184945464134
32,2,0.22991785766710837,0.4542078278027475
32,4,0.214492152214976,0.410152580589056
32,8,0.2047000100642277,0.29177576396614313
64,2,0.21028258318960344,0.38047818280756474
64,4,0.196634932815542,0.3275017775595188
64,8,0.18495511543657833,0.30214488646015525
16,2,0.2453714554139965,0.42395694833248854
16,4,0.20520848182655177,0.31958190631121397
16,8,0.2532476144997877,0.40015511494129896
32,2,0.23102023006637282,0.39174486231058836
32,4,0.2728239730121526,0.37761447206139565
32,8,0.27193600947716673,0.3996331677772105
64,2,0.258307324700391,0.4595476556569338
64,4,0.23724573847360253,0.4413711382076144
64,8,0.17501430704999427,0.3483270676806569
16,2,0.33430745151967994,0.4642957425676286
16,4,0.298101693087761,0.4233554727397859
16,8,0.286602777060447,0.3653639112599194
32,2,0.2936909594460231,0.4116300232708454
32,4,0.299450407748157,0.39586972957476974
32,8,0.19131146568986726,0.29238411225378513
64,2,0.2096842441842003,0.4211552571505308
64,4,0.2277700089973672,0.36384339118376374
64,8,0.28485894593305466,0.3999751452356577
16,2,0.23158348588523386,0.45314767165109515
16,4,0.43368033068707057,0.48884624522179365
16,8,0.4465655229100029,0.5504961516708136
32,2,0.2522878466421126,0.4524619523435831
32,4,0.2164572119146706,0.36575007485225797
32,8,0.211026591885478,0.298231718596071
64,2,0.2438280175008009,0.4521241597831249
64,4,0.1728477598192133,0.2930841976776719
64,8,0.25032862055827626,0.37289222283288836
16,2,0.24817584502220602,0.37240828666836023
16,4,0.31826855126306813,0.4310801178216934
16,8,0.2761100664956429,0.36550620663911104
32,2,0.2464423885102815,0.4566256608814001
32,4,0.23083647639186994,0.4100274555385113
32,8,0.282441028604518,0.3820409793406725
64,2,0.240611173510768,0.4424789040349424
64,4,0.17706583786574406,0.2855847114697099
64,8,0.2961864706368644,0.4499970292672515
16,2,0.2541198415063321,0.465590778272599
16,4,0.31158260471194904,0.4607684765942395
16,8,0.3384015599940101,0.4289202652871609
32,2,0.22603999803579497,0.45695814304053783
32,4,0.17905202234049494,0.30391550343483686
32,8,0.2525866972148709,0.35371311753988266
64,2,0.2236881528820311,0.41397075774148107
64,4,0.2051951860451728,0.40898140985518694
64,8,0.14728934541621935,0.3112456160597503
16,2,0.2268649143724291,0.40207640174776316
16,4,0.30122248942880936,0.37805415596812963
16,8,0.2493624812351361,0.4037645263597369
32,2,0.2611473383221557,0.4629556583240628
32,4,0.22529118211661242,0.37416488490998745
32,8,0.27723396710189696,0.32117774011567235
64,2,0.2517710527182522,0.4696816620416939
64,4,0.2927872489904547,0.4642788674682379
64,8,0.2124928601812705,0.4379021213389933
16,2,0.2848680425336193,0.38341540889814496
16,4,0.3508312544951968,0.4340312695130706
16,8,0.2539247483741431,0.362242944072932
32,2,0.2576866666042586,0.44190073758363724
32,4,0.21578384594739441,0.3662660284899175
32,8,0.3062297090104775,0.4049689304083586
64,2,0.22804831247599322,0.45613299030810595
64,4,0.20317062218452786,0.40071350894868374
64,8,0.2382382632739815,0.45816202694550157
16,2,0.2227947147070671,0.4247897807508707
16,4,0.26694491818284294,0.40905345557257533
16,8,0.3073795596287776,0.40130217373371124
32,2,0.27195791044889056,0.4891984323039651
32,4,0.2421540427790637,0.37749456660822034
32,8,0.24128713333570306,0.3728409712202847
64,2,0.23646437381561997,0.46940502943471074
64,4,0.18477433499184978,0.35462399292737246
64,8,0.2143395695899426,0.40681902738288045
16,2,0.24925969115154928,0.4509012051858008
16,4,0.26406880338763145,0.4346687369979918
16,8,0.2555763771633315,0.3739441097714007
32,2,0.25763794652459665,0.41237914888188243
32,4,0.2124999279097647,0.3797391173429787
32,8,0.2638783647348195,0.42624499602243304
64,2,0.21192945217626907,0.40771381789818406
64,4,0.22539324872287977,0.4062047526240349
64,8,0.18569887361778048,0.3353919652290642
16,2,0.28985225652404506,0.4109096210449934
16,4,0.32551953411650786,0.4391289153136313
16,8,0.370708107532059,0.49573693610727787
32,2,0.19346776707118835,0.37883767765015364
32,4,0.23189566784251955,0.3723380398005247
32,8,0.18581149267464775,0.34869689773768187
64,2,0.22587045613255408,0.4486996573396027
64,4,0.20729812433741374,0.40795871103182435
64,8,0.152948889514844,0.298304938711226
16,2,0.2997438943478765,0.45592381805181503
16,4,0.24639157658867325,0.3299759910441935
16,8,0.32378268445226965,0.3791669583879411
32,2,0.24116671267872258,0.4446485312655568
32,4,0.2301838736076423,0.4031609771773219
32,8,0.19010542420105753,0.3850339916534722
64,2,0.255765564737497,0.45505583193153143
64,4,0.19154285140986588,0.3713734527118504
64,8,0.18763333724209863,0.3347989530302584
16,2,0.28578227653288657,0.4668316124007106
16,4,0.19528102351269466,0.3634174596518278
16,8,0.34641150058184966,0.44004722218960524
32,2,0.28241421653117926,0.4572971477173269
32,4,0.21474269353747366,0.39518838422372937
32,8,0.30272842853193216,0.3840508358553052
64,2,0.22779933011500594,0.452133578248322
64,4,0.2298234137750988,0.34309549117460847
64,8,0.23583545922989776,0.3954010852612555
16,2,0.27198987090709986,0.43833421263843775
16,4,0.3421998534618632,0.431099615059793
16,8,0.34799144909599733,0.4156761122867465
32,2,0.20103521874468894,0.40149500826373696
32,4,0.23987759792746377,0.3749261829070747
32,8,0.26080306227936123,0.3591370931826532
64,2,0.21175870528292662,0.4218011791817844
64,4,0.2851375738161444,0.4474740829318762
64,8,0.17018666559073836,0.3487790860235691
16,2,0.3192561998512602,0.470853126142174
16,4,0.2528364810316339,0.33452902641147375
16,8,0.24400823901806784,0.318750424310565
32,2,0.22473703070782744,0.442060736939311
32,4,0.27299935708885287,0.340255593881011
32,8,0.2784323390106189,0.41889157984405756
64,2,0.2689980423702314,0.46522362530231476
64,4,0.1348021894149488,0.28880470246076584
64,8,0.19142322217046703,0.3366489172913134
16,2,0.24401921321538883,0.3916513272561133
16,4,0.25193774169558414,0.34607525123283267
16,8,0.315257173672422,0.373701820615679
32,2,0.2263063170743415,0.411038548219949
32,4,0.19353620773958607,0.3360236119478941
32,8,0.1799745255736366,0.3175954418256879
64,2,0.23882912416887717,0.43156443210318685
64,4,0.18635204287445192,0.39075440261512995
64,8,0.17536414905568748,0.34015348833054304
16,2,0.3149699386801986,0.44026304595172405
16,4,0.20754551907956809,0.35837943525984883
16,8,0.25228544775387807,0.4692808478139341
32,2,0.21698510173511892,0.43000111961737275
32,4,0.25852636007811763,0.4444829258136451
32,8,0.2235381299676472,0.4046752601861954
64,2,0.26524478402404017,0.4607657133601606
64,4,0.20406807140019725,0.33821297250688076
64,8,0.2497945871534669,0.3910696189850569
16,2,0.26221685501348385,0.45026070065796375
16,4,0.3241653639842827,0.4354450539685786
16,8,0.28169592662148824,0.4021408879198134
32,2,0.34274684100494657,0.4729217360727489
32,4,0.22648881886760092,0.35729505820199847
32,8,0.24441522466499221,0.47334079584106803
64,2,0.23446589465667264,0.42439176607877016
64,4,0.17554598907957802,0.3262042053975165
64,8,0.25382489032349154,0.4044763636775315
16,2,0.3189385672389735,0.4406093512661755
16,4,0.33048075913074226,0.3884926135651767
16,8,0.3409814949346254,0.42505428986623883
32,2,0.21967476441940398,0.4096012422814965
32,4,0.19175623462347746,0.38035812973976135
32,8,0.34660127789377804,0.4639732949435711
64,2,0.30108551740743217,0.4988123830407858
64,4,0.22442622296121345,0.4289811756461859
64,8,0.23772185068729068,0.4237552769482136
16,2,0.28566337934012975,0.4337445837445557
16,4,0.410591804963438,0.4658658243715763
16,8,0.2485344354131021,0.37377863796427846
32,2,0.2248712913071381,0.45596130285412073
32,4,0.3108461872609362,0.4524126541800797
32,8,0.21810565913933067,0.31032739160582423
64,2,0.20887535922289696,0.4209907343611121
64,4,0.25052039283355654,0.4352698754519224
64,8,0.24454422771280965,0.3783658226020634
16,2,0.26182002095252044,0.41868484439328313
16,4,0.31422460054674806,0.3707674639299512
16,8,0.38970172127039865,0.445410197135061
32,2,0.25163406563019636,0.3958619749173522
32,4,0.1919020607678799,0.3440265073440969
32,8,0.20927646377515657,0.361792269628495
64,2,0.2118387095025468,0.40609545866027474
64,4,0.2130675889243028,0.3246075501665473
64,8,0.18764942205378426,0.37324392376467586
16,2,0.35100246948060193,0.4912206334993243
16,4,0.31500251528699774,0.4641351322643459
16,8,0.39367735315281255,0.5065192454494536
32,2,0.23069577373107555,0.47435021214187145
32,4,0.30837276186564594,0.4509819387458265
32,8,0.19651868019912191,0.31896047480404377
64,2,0.2937312085745891,0.4725951631553471
64,4,0.20409526278190782,0.34909848123788834
64,8,0.25353252021367967,0.4200037377886474
16,2,0.3539953604237547,0.455935369245708
16,4,0.3302674922016241,0.3865345143713057
16,8,0.2690088889557888,0.40432818746194243
32,2,0.23555241211451744,0.46672308910638094
32,4,0.23560381697601318,0.3972170636989176
32,8,0.13526930610187268,0.20701981708407402
64,2,0.20745038545322209,0.39680364122614264
64,4,0.22228561729115587,0.31025701900944114
64,8,0.21125675685064527,0.3762619919143617
16,2,0.2650109377283896,0.41591950599104166
16,4,0.24415521410795488,0.434097018558532
16,8,0.29116227931302224,0.3391681229695678
32,2,0.31253910591314965,0.4854735769331455
32,4,0.23645497536878388,0.40060060285031796
32,8,0.30600799228876796,0.42067084927111864
64,2,0.22003260821838558,0.4369315868243575
64,4,0.16504925050665498,0.2920632343739271
64,8,0.2740243251307137,0.4057921855710447
16,2,0.33091042306298557,0.44332396425306797
16,4,0.2752716367047675,0.38909007981419563
16,8,0.5103805261426637,0.5426382296718657
32,2,0.22829521037870767,0.4096465315669775
32,4,0.25027654004634436,0.32005168544128537
32,8,0.20554690000422257,0.28934208303689957
64,2,0.24809652271341048,0.45495857624337077
64,4,0.18830219180452895,0.34962095506489277
64,8,0.17236002726442662,0.3533085291273892
16,2,0.31886201337783127,0.47441502241417766
16,4,0.30535011314822014,0.38859014911577106
16,8,0.2551783937985135,0.34025541553273797
32,2,0.22229197646710674,0.3818887355737388
32,4,0.21154575549076932,0.36889261985197663
32,8,0.19237558932430185,0.35974150616675615
64,2,0.21646165589037059,0.42093546874821186
64,4,0.1339777395407692,0.2774594980292022
64,8,0.24946840541359966,0.4109286214224994
16,2,0.26884060724926406,0.47979690600186586
16,4,0.27373787186304516,0.35369329061359167
16,8,0.21125225779585688,0.2810885854996741
32,2,0.2323180762828703,0.4565916555002332
32,4,0.1950116728260171,0.34580074809491634
32,8,0.24204098350134257,0.3843163540586829
64,2,0.25907178861092095,0.4350453778170049
64,4,0.17610437927546793,0.3535038186237216
64,8,0.21540480868511697,0.4114239173941314
16,2,0.3205505360428584,0.5117529956623912
16,4,0.3375040500697907,0.41875477973371744
16,8,0.27887908901479225,0.33136897906661034
32,2,0.2695704419376295,0.45358884148299694
32,4,0.2577295611586088,0.4175555375404656
32,8,0.18176320944379776,0.33307854318991303
64,2,0.2188257480645847,0.4379481761716306
64,4,0.186960809432261,0.35701866867020726
64,8,0.14344159723449826,0.31408423837274313
16,2,0.32537448150859877,0.4692775961011648
16,4,0.2724095523891213,0.4028980047442019
16,8,0.3354969753211472,0.45091934176161885
32,2,0.3613633390332989,0.5261748284101486
32,4,0.2857394718320396,0.39959086617454886
32,8,0.22844749211005513,0.4057385581545532
64,2,0.20221212248834824,0.4022886250168085
64,4,0.20388100464907766,0.36284047458320856
64,8,0.20900175148635153,0.39900316670536995
16,2,0.2393834414245528,0.37107753567397594
16,4,0.3144640905461113,0.43240456469357014
16,8,0.21577715543670017,0.3527164380066097
32,2,0.19684978348909432,0.4026045296341181
32,4,0.2782343740911167,0.4316305899992585
32,8,0.18770933175241064,0.3132425332441926
64,2,0.1850971011437048,0.39776847092434764
64,4,0.1927274411644626,0.37376511516049504
64,8,0.300236664633983,0.41947014816105366
16,2,0.2622507157098948,0.41599238757044077
16,4,0.25333439745383923,0.3837550515308976
16,8,0.2716316789738362,0.3802852570079267
32,2,0.2509714048428513,0.395779924467206
32,4,0.20469199511914232,0.3237200933508575
32,8,0.20389982251652022,0.3426941395737231
64,2,0.22499085781406708,0.4537898004055023
64,4,0.1279648984719266,0.26541563542559743
64,8,0.2141997808952772,0.4126523891463876
16,2,0.31026615037604377,0.44276692997664213
16,4,0.24253334444532088,0.3522364804521203
16,8,0.18561672102157017,0.2834839718416333
32,2,0.28237500221618556,0.4447174910455942
32,4,0.2513386534134966,0.4591235024854541
32,8,0.33191164095817804,0.4114404465071857
64,2,0.21951794591062385,0.38276764657348394
64,4,0.22665740995574807,0.41591580817475915
64,8,0.27138580938652834,0.41963027510792017
16,2,0.3184944070746085,0.4376582899130881
16,4,0.24169975074968286,0.3567623281851411
16,8,0.16589299969535704,0.26787592424079776
32,2,0.2758072780720303,0.452103725168854
32,4,0.22330324275329977,0.3839019685983658
32,8,0.2595262329619278,0.4177844012156129
64,2,0.21453967643223307,0.44146654289215803
64,4,0.2729972835469895,0.4083568430505693
64,8,0.22782202599915763,0.381973831448704
16,2,0.2822748966028086,0.4751407974399626
16,4,0.2258148521365416,0.37915344815701246
16,8,0.32834870791488885,0.4955028733238578
32,2,0.21713540885589178,0.3974096835590899
32,4,0.24809247428216674,0.4228578959591687
32,8,0.2339840737762683,0.3717777347192168
64,2,0.2233328711221127,0.4461553771980107
64,4,0.14756447693100627,0.2911072582937777
64,8,0.2163920983488194,0.366599767934531
16,2,0.24843760137458054,0.43809232395142317
16,4,0.2895408154269469,0.37139685498550534
16,8,0.22611410264403775,0.3366809608414769
32,2,0.22725795224095735,0.423208758700639
32,4,0.18685754408778688,0.30820774007588625
32,8,0.22804681974001695,0.3950950838625431
64,2,0.24574981557775927,0.4946496607735753
64,4,0.22201919277348803,0.3615427268669009
64,8,0.17768932396515558,0.320691947825253
16,2,0.23423124729819103,0.363018233794719
16,4,0.40980372280934996,0.45065267151221633
16,8,0.2735707084177674,0.3386030588299036
32,2,0.21836478790546762,0.4147768737748265
32,4,0.24483565912596628,0.3590082433074713
32,8,0.260723911705798,0.4549224441871047
64,2,0.2585193470526663,0.4672205876559019
64,4,0.18671356769878789,0.3968482348136604
64,8,0.16074769864088323,0.34304202580824494
16,2,0.2969172893241957,0.4291120944544673
16,4,0.29863498240505515,0.49339172383770347
16,8,0.2687088748219565,0.35845419159159064
32,2,0.2519101701025787,0.4856825894676149
32,4,0.21328860651247022,0.3311193301342428
32,8,0.190716090087868,0.38533391850069165
64,2,0.24458244417775274,0.46301700081676245
64,4,0.2927944751008708,0.45223133359104395
64,8,0.21173257025533399,0.3761439728550613
16,2,0.3573580106743446,0.4896566718816757
16,4,0.30940678150370665,0.4297398333437741
16,8,0.25080936087783645,0.4406220195814967
32,2,0.21869225695201217,0.39887099619954824
32,4,0.29910984252864464,0.4013551464304328
32,8,0.243325144556795,0.3871282241307199
64,2,0.23927922875044938,0.4727631453424692
64,4,0.1981771344628543,0.3669155449606478
64,8,0.19461893829058635,0.32630281848832965
16,2,0.25981473084953066,0.4559021843597293
16,4,0.3372538817784748,0.5020424290560186
16,8,0.2634674393401018,0.3980056522414088
32,2,0.2588784622013869,0.42925624502822757
32,4,0.2879020087962949,0.41952599585056305
32,8,0.1928942609115318,0.4004961224272847
64,2,0.2410481359450747,0.43506761174649
64,4,0.22449912654833531,0.4131595818325877
64,8,0.14841257889092296,0.28181501058861613
16,2,0.2193505822895882,0.36867683148011565
16,4,0.20825798760664063,0.3223391445353627
16,8,0.3104277517228486,0.4081157622858882
32,2,0.2173584223099687,0.4266201057471335
32,4,0.2787017950676135,0.4295782088302076
32,8,0.22308862270109048,0.392995233181864
64,2,0.20795836430254952,0.4076486164703965
64,4,0.19962277179591845,0.3849172191694379
64,8,0.19302899879781038,0.3310501780360937
16,2,0.30692890381449667,0.4828275344334543
16,4,0.29933807745131846,0.4123941180296242
16,8,0.34644467408417745,0.5152810774743557
32,2,0.2719519259698065,0.4795816298574209
32,4,0.29093491094902896,0.41214639833197
32,8,0.2940913389295884,0.3882903945632279
64,2,0.22877518020477852,0.4389147497713566
64,4,0.2640308233843676,0.3597683096304536
64,8,0.17835939020708988,0.30839617270976305
16,2,0.38779393314808364,0.5408287509344518
16,4,0.2354490061641819,0.3508409755304456
16,8,0.1766902101040727,0.35864743404090405
32,2,0.24828502925068474,0.46946099447086453
32,4,0.2892536988846026,0.43950818479061127
32,8,0.2330424145702794,0.3632904435507953
64,2,0.2508212585214011,0.4480838729068637
64,4,0.17163374669057024,0.3479527863673866
64,8,0.16375504643820227,0.3158976645208895
16,2,0.1977711115109766,0.40180901484563947
16,4,0.2380730503086915,0.33504261588677764
16,8,0.257306956013331,0.35783967608585954
32,2,0.24067914020926978,0.44296425953507423
32,4,0.1363926381251048,0.26636585034430027
32,8,0.367197976555823,0.45438393764197826
64,2,0.2200906578335563,0.3985233805142343
64,4,0.15793984640274117,0.3177899871952832
64,8,0.1801528458622893,0.2931628446094692
16,2,0.25927757937997925,0.43827477376908064
16,4,0.256886903326288,0.35702150547876954
16,8,0.2927094776269894,0.44714728696271777
32,2,0.23064820405754408,0.44082572450861335
32,4,0.23506275346477637,0.41101841628551483
32,8,0.3243723194844056,0.4203092730604112
64,2,0.23841041088763282,0.4210543497465551
64,4,0.18501666036675607,0.36244304571300745
64,8,0.20074910904454776,0.3379935184493661
16,2,0.24667579709234722,0.3913440676406026
16,4,0.3160052682694161,0.3770796502940357
16,8,0.2601452862827698,0.34795938059687614
32,2,0.23746056179516065,0.43788543809205294
32,4,0.3216850968648019,0.4297998514957726
32,8,0.17329096607019362,0.2737110932357609
64,2,0.20543463350099567,0.417067039757967
64,4,0.20946525447911607,0.36434192629531026
64,8,0.12428669097604111,0.2944390242919326
